"","repo_id","repo_name","full_name","owner_name","created_at","depth.x","commits","total_dependencies","dependencies","commits_after","depend_after","depend_after_details","jaccard_distance","jaccard_simmilarity","group","age.x","commits_category","age_category","ghtorrent_created_at","ancestor","age.y","stars","forks","active_forks","depth.y","user_count","users_also_in_family","followers_repo","followers_family","followers_outside","pr_within","pr_family","pr_within_comments","pr_family_comments","pr_within_code_comments","pr_family_code_comments","issue_repo","issue_family","issue_outside","issue_repo_comment","issue_family_comment","issue_outside_comment","issues_subscribed_repo","issues_subscribed_family","issues_subscribed_outside","issues_unsubscribed_repo","issues_unsubscribed_family","issues_unsubscribed_outside","issues_closed_repo","issues_closed_family","issues_closed_outside","issues_reopened_repo","issues_reopened_family","issues_reopened_outside","issues_referenced_repo","issues_referenced_family","issues_referenced_outside","issues_assigned_repo","issues_assigned_family","issues_assigned_outside","issues_mentioned_repo","issues_mentioned_family","issues_mentioned_outside","pr_mentioned_within","pr_mentioned_family","ageindays","activityDensity","densitybins","new_jaccard"
"73",41626221,"java-driver","TheWeatherChannel/java-driver","TheWeatherChannel","2014-08-26T17:06:12Z/5019/6",1,5019,2,"log4j/log4j:1.2.17, org.apache.maven.plugins/maven-compiler-plugin:3.1, ",4,0,"-",0.48,0.52,0,1493,1,2,2014-08-26,18733447,969,0,0,0,"1",1,1,0,0,0,1,2,0,10,0,3,0,0,0,0,0,0,0,0,0,0,0,0,0,0,0,0,0,0,0,0,0,0,0,0,0,0,0,0,0,1648,3.04550970873786,"1",0
"80",32236369,"redisson","slavarosin/redisson","slavarosin","2016-10-10T18:37:15Z/5282/4",1,5282,3,"org.apache.maven.scm/maven-scm-provider-gitexe:1.9.5, org.apache.maven.plugins/maven-source-plugin:3.0.1, org.apache.maven.plugins/maven-release-plugin:2.5.3, ",1,0,"-",0.44,0.56,0,1964,1,1,2016-10-10,18733447,1110,1,0,0,"1",1,0,0,0,199,0,1,0,1,0,0,0,0,0,0,0,0,0,0,0,0,0,0,0,0,0,0,0,0,0,0,0,0,0,0,0,0,0,0,0,872,6.05733944954128,"1",0
"81",29313937,"gson","todoooo/gson","todoooo","2016-07-05T02:51:58Z/5290/1",1,5290,4,"junit/junit:4.12, org.apache.maven.scm/maven-scm-provider-gitexe:1.9, org.apache.maven.plugins/maven-compiler-plugin:3.0, org.apache.maven.plugins/maven-release-plugin:2.4.2, ",26,8,"org.apache.maven.plugins/maven-gpg-plugin:1.5, org.apache.maven.scm/maven-scm-provider-gitexe:1.9, org.apache.maven.plugins/maven-javadoc-plugin:3.1.0, junit/junit:4.12, org.apache.maven.plugins/maven-release-plugin:2.4.2, com.google.code.gson/gson:2.7, org.apache.maven.plugins/maven-compiler-plugin:3.5.1, org.apache.maven.plugins/maven-compiler-plugin:3.0, ",0.09,0.91,0,2230,1,2,2016-07-05,18733447,1190,0,0,0,"1",1,1,0,0,159,0,3,0,3,0,0,0,0,0,0,0,0,0,0,0,0,0,0,0,0,0,0,0,0,0,0,0,0,0,0,0,0,0,0,0,969,5.45923632610939,"1",0
"82",33973672,"gson","todoooo/gson","todoooo","2016-07-05T02:51:58Z/5290/2",1,5290,4,"junit/junit:4.12, org.apache.maven.scm/maven-scm-provider-gitexe:1.9, org.apache.maven.plugins/maven-compiler-plugin:3.0, org.apache.maven.plugins/maven-release-plugin:2.4.2, ",26,8,"org.apache.maven.plugins/maven-gpg-plugin:1.5, org.apache.maven.scm/maven-scm-provider-gitexe:1.9, org.apache.maven.plugins/maven-javadoc-plugin:3.1.0, junit/junit:4.12, org.apache.maven.plugins/maven-release-plugin:2.4.2, com.google.code.gson/gson:2.7, org.apache.maven.plugins/maven-compiler-plugin:3.5.1, org.apache.maven.plugins/maven-compiler-plugin:3.0, ",0.09,0.91,0,2052,1,2,2016-07-05,18733447,1072,0,0,0,"1",1,0,0,0,2,0,2,0,5,0,0,0,0,0,0,0,0,0,0,0,0,0,0,0,0,0,0,0,0,0,0,0,0,0,0,0,0,0,0,0,969,5.45923632610939,"1",0
"84",34017422,"spring-data-mongodb","andyduncan192/spring-data-mongodb","andyduncan192","2012-05-31T14:23:18Z/5315/1",1,5315,1,"org.mongodb/mongo-java-driver:${mongo}, ",178,17,"com.mysema.maven/apt-maven-plugin:1.0.8, com.springsource.bundlor/com.springsource.bundlor.maven:1.0.4, org.apache.maven.plugins/maven-project-info-reports-plugin:2.1, org.hamcrest/hamcrest-library:1.2.1, com.mysema.querydsl/querydsl-apt:${querydsl}, org.docbook/docbook-xml:4.4, org.mongodb/mongo-java-driver:${mongo}, org.apache.maven.plugins/maven-surefire-plugin:2.8, org.springframework/spring-tx:${org.springframework.version.range}, org.springframework.build/org.springframework.build.aws.ant:3.0.5.RELEASE, com.agilejava.docbkx/docbkx-maven-plugin:2.0.7, com.springsource.bundlor/com.springsource.bundlor.maven:1.0.0.RELEASE, org.apache.maven.plugins/maven-compiler-plugin:2.4, org.mongodb/mongo-java-driver:${mongo.version}, com.mysema.querydsl/querydsl-apt:${querydsl.version}, org.springframework/spring-tx:${spring}, org.apache.maven.plugins/maven-compiler-plugin:2.5.1, ",0.18,0.82,0,1741,1,3,2012-05-31,18733447,1071,0,0,0,"1",1,0,0,0,22,0,1,0,4,0,0,0,0,0,0,0,0,0,0,0,0,0,0,0,0,0,0,0,0,0,0,0,0,0,0,0,0,0,0,0,2465,2.15618661257606,"1",0
"85",32570652,"redisson","qingyezhu/redisson","qingyezhu","2016-10-27T01:54:26Z/5360/1",1,5360,3,"org.apache.maven.scm/maven-scm-provider-gitexe:1.9.5, org.apache.maven.plugins/maven-source-plugin:3.0.1, org.apache.maven.plugins/maven-release-plugin:2.5.3, ",5,3,"org.apache.maven.scm/maven-scm-provider-gitexe:1.9.5, org.apache.maven.plugins/maven-source-plugin:3.0.1, org.apache.maven.plugins/maven-release-plugin:2.5.3, ",0.44,0.56,0,1491,1,1,2016-10-27,18733447,1102,0,0,0,"1",3,2,0,1,229,0,4,0,8,0,3,0,0,0,0,0,0,0,0,0,0,0,0,0,0,0,0,0,0,0,0,0,0,0,0,0,0,0,0,0,855,6.26900584795322,"1",0
"86",35667945,"redisson","qingyezhu/redisson","qingyezhu","2016-10-27T01:54:26Z/5360/2",1,5360,3,"org.apache.maven.scm/maven-scm-provider-gitexe:1.9.5, org.apache.maven.plugins/maven-source-plugin:3.0.1, org.apache.maven.plugins/maven-release-plugin:2.5.3, ",5,3,"org.apache.maven.scm/maven-scm-provider-gitexe:1.9.5, org.apache.maven.plugins/maven-source-plugin:3.0.1, org.apache.maven.plugins/maven-release-plugin:2.5.3, ",0.44,0.56,0,1470,1,1,2016-10-27,18733447,1040,0,0,0,"1",1,0,0,0,603,0,1,0,4,0,3,0,0,0,0,0,0,0,0,0,0,0,0,0,0,0,0,0,0,0,0,0,0,0,0,0,0,0,0,0,855,6.26900584795322,"1",0
"89",51152945,"jadx","niranjan94/jadx","niranjan94","2015-12-02T06:30:58Z/5410/5",1,5410,9,"org.slf4j:slf4j-api:1.7.10, junit:junit:4.12, info.solidsoft.pitest version 1.1.4, com.github.kt3k.coveralls version 2.3.1, cglib:cglib-nodep:3.1, org.mockito:mockito-core:1.10.19, org.hamcrest:hamcrest-library:1.3, ch.qos.logback:logback-classic:1.1.2, org.spockframework:spock-core:1.0-groovy-2.4, ",20,31,"com.intellij:annotations:12.0, com.github.kt3k.coveralls version 2.3.1, com.fifesoft:rsyntaxtextarea:2.5.6, commons-io:commons-io:2.4, :jadx-core, com.google.android:android:4.1.1.4, lib/dx-1.10.jar, org.mockito:mockito-core:1.10.19, libs/jfontchooser-1.0.5.jar, org.slf4j:slf4j-api:1.7.7, junit:junit:4.11, junit:junit:4.12, cglib:cglib-nodep:3.1, org.ow2.asm:asm:5.0.3, org.spockframework:spock-core:1.0-groovy-2.3-SNAPSHOT, info.solidsoft.pitest version 1.1.4, com.googlecode.concurrent-trees:concurrent-trees:2.4.0, org.smali:smali:2.0.3, ch.qos.logback:logback-classic:1.1.2, org.hamcrest:hamcrest-library:1.3, uk.com.robust-it:cloning:1.9.2, org.mockito:mockito-core:1.10.13, :jadx-cli, info.solidsoft.pitest version 1.1.1, org.spockframework:spock-core:0.7-groovy-2.0, org.slf4j:slf4j-api:1.7.10, com.fifesoft:rsyntaxtextarea:2.5.7, com.github.kt3k.coveralls version 2.0.1, com.github.kt3k.coveralls version 2.1.0, com.google.code.gson:gson:2.3.1, org.spockframework:spock-core:1.0-groovy-2.4, ",0.19,0.81,0,749,1,2,2015-12-02,18733447,831,0,0,0,"1",1,0,0,0,2,0,1,0,22,0,5,0,0,0,0,0,0,0,0,0,0,0,0,0,0,0,0,0,0,0,0,0,0,0,0,0,0,0,0,0,1185,4.56540084388186,"1",0
"91",51559562,"gson","dongjoon-hyun/gson","dongjoon-hyun","2016-02-15T00:25:38Z/5513/1",1,5513,4,"junit/junit:3.8.2, org.apache.maven.scm/maven-scm-provider-gitexe:1.9, org.apache.maven.plugins/maven-compiler-plugin:3.0, org.apache.maven.plugins/maven-release-plugin:2.4.2, ",45,5,"org.apache.maven.scm/maven-scm-provider-gitexe:1.9, org.apache.maven.plugins/maven-javadoc-plugin:3.1.0, junit/junit:3.8.2, org.apache.maven.plugins/maven-release-plugin:2.4.2, org.apache.maven.plugins/maven-compiler-plugin:3.0, ",0.06,0.94,0,599,1,2,2016-02-15,18733447,826,0,0,0,"1",1,0,0,0,0,0,1,0,14,0,1,0,0,0,0,0,0,0,0,0,0,0,0,0,0,0,0,0,0,0,0,0,0,0,0,0,0,0,0,0,1110,4.96666666666667,"1",0
"92",50264401,"gson","mbrukman/gson","mbrukman","2015-11-27T19:41:20Z/5516/4",1,5516,3,"junit/junit:3.8.2, org.apache.maven.plugins/maven-gpg-plugin:1.5, org.apache.maven.plugins/maven-compiler-plugin:3.3, ",12,0,"-",0.13,0.87,0,3312,1,2,2015-11-27,18733447,843,0,0,0,"1",2,1,0,0,203,0,1,0,1,0,0,0,0,0,0,0,0,0,0,0,0,0,0,0,0,0,0,0,0,0,0,0,0,0,0,0,0,0,0,0,1190,4.63529411764706,"1",0
"93",55715922,"gson","thetoster/gson","thetoster","2016-03-24T11:13:57Z/5543/3",1,5543,4,"junit/junit:3.8.2, org.apache.maven.scm/maven-scm-provider-gitexe:1.9, org.apache.maven.plugins/maven-compiler-plugin:3.0, org.apache.maven.plugins/maven-release-plugin:2.4.2, ",1,0,"-",0.06,0.94,0,1618,1,2,2016-03-24,18733447,764,0,0,0,"1",1,0,0,0,0,0,1,0,1,0,0,0,0,0,0,0,0,0,0,0,0,0,0,0,0,0,0,0,0,0,0,0,0,0,0,0,0,0,0,0,1072,5.17070895522388,"1",0
"94",53311433,"RxJava","ugur-zongur/RxJava","ugur-zongur","2013-12-07T06:31:03Z/5544/5",1,5544,0,"-",1,0,"-",0.98,0.02,1,1053,1,2,2013-12-07,18733447,798,0,0,0,"1",2,1,0,0,205,1,0,0,0,0,0,0,0,0,0,0,0,0,0,0,0,0,0,0,0,0,0,0,0,0,0,0,0,0,0,0,0,0,0,0,1910,2.90261780104712,"1",0
"95",54581088,"gson","valery1707/gson","valery1707","2016-03-25T10:14:52Z/5545/4",1,5545,4,"junit/junit:3.8.2, org.apache.maven.scm/maven-scm-provider-gitexe:1.9, org.apache.maven.plugins/maven-compiler-plugin:3.0, org.apache.maven.plugins/maven-release-plugin:2.4.2, ",5,0,"-",0.06,0.94,0,723,1,2,2016-03-25,18733447,779,0,0,0,"1",1,0,0,0,7,0,1,0,1,0,0,0,0,0,0,0,0,0,0,0,0,0,0,0,0,0,0,0,0,0,0,0,0,0,0,0,0,0,0,0,1071,5.17740429505135,"1",0
"96",42537489,"gson","sgbrown/gson","sgbrown","2016-02-23T06:00:24Z/5549/5",1,5549,4,"junit/junit:4.12, org.apache.maven.scm/maven-scm-provider-gitexe:1.9, org.apache.maven.plugins/maven-compiler-plugin:3.0, org.apache.maven.plugins/maven-release-plugin:2.4.2, ",90,6,"org.apache.maven.scm/maven-scm-provider-gitexe:1.9, org.apache.maven.plugins/maven-javadoc-plugin:3.1.0, junit/junit:4.12, org.apache.maven.plugins/maven-release-plugin:2.4.2, junit/junit:3.8.2, org.apache.maven.plugins/maven-compiler-plugin:3.0, ",0.06,0.94,0,670,1,2,2016-02-23,18733447,942,0,0,0,"1",2,1,0,0,202,1,3,0,1,0,0,0,0,0,0,0,0,0,0,0,0,0,0,0,0,0,0,0,0,0,0,0,0,0,0,0,0,0,0,0,1102,5.03539019963702,"1",0
"97",57016816,"gson","rharter/gson","rharter","2016-04-25T14:39:49Z/5582/4",1,5582,4,"junit/junit:3.8.2, org.apache.maven.scm/maven-scm-provider-gitexe:1.9, org.apache.maven.plugins/maven-compiler-plugin:3.0, org.apache.maven.plugins/maven-release-plugin:2.4.2, ",2,0,"-",0.06,0.94,0,629,1,2,2016-04-25,18733447,746,0,0,0,"1",2,1,0,0,202,1,0,0,0,0,0,0,0,0,0,0,0,0,0,0,0,0,0,0,0,0,0,0,0,0,0,0,0,0,0,0,0,0,0,0,1040,5.36730769230769,"1",0
"99",36600890,"dropwizard","thesmith/dropwizard","thesmith","2013-06-12T16:13:54Z/5624/1",1,5624,3,"junit/junit:4.11, org.apache.maven.plugins/maven-gpg-plugin:1.4, org.apache.maven.plugins/maven-compiler-plugin:3.1, ",90,12,"com.codahale.dropwizard/dropwizard-db:${project.version}, org.apache.maven.plugins/maven-gpg-plugin:1.4, com.codahale.dropwizard/dropwizard-views:${project.version}, com.fasterxml.jackson.core/jackson-annotations:${jackson.version}, io.dropwizard/dropwizard-db:${project.version}, junit/junit:4.11, com.codahale.dropwizard/dropwizard-jackson:${project.version}, com.codahale.dropwizard/dropwizard-util:${project.version}, io.dropwizard/dropwizard-core:${project.version}, com.codahale.dropwizard/dropwizard-logging:${project.version}, org.apache.maven.plugins/maven-compiler-plugin:3.1, com.codahale.dropwizard/dropwizard-core:${project.version}, ",0.33,0.67,0,525,1,2,2013-06-12,18733447,1025,0,0,0,"1",1,0,0,0,3,0,1,0,14,0,0,0,0,0,0,0,0,0,0,0,0,0,0,0,0,0,0,0,0,0,0,0,0,0,0,0,0,0,0,0,2088,2.69348659003831,"1",0
"100",36451555,"gson","iamrakesh/gson","iamrakesh","2016-11-20T13:16:43Z/5626/3",1,5626,4,"junit/junit:4.12, org.apache.maven.scm/maven-scm-provider-gitexe:1.9, org.apache.maven.plugins/maven-compiler-plugin:3.0, org.apache.felix/maven-bundle-plugin:2.5.3, ",1,1,"org.apache.maven.plugins/maven-javadoc-plugin:3.1.0, ",0.25,0.75,0,369,1,1,2016-11-20,18733447,1061,0,0,0,"1",1,0,0,0,14,0,2,0,4,0,0,0,0,0,0,0,0,0,0,0,0,0,0,0,0,0,0,0,0,0,0,0,0,0,0,0,0,0,0,0,831,6.77015643802647,"1",0
"101",60812008,"dropwizard","Zoroaster668/dropwizard","Zoroaster668","2014-04-30T20:30:21Z/5629/2",1,5629,5,"junit/junit:4.11, com.fasterxml.jackson.core/jackson-annotations:${jackson.api.version}, org.apache.maven.plugins/maven-gpg-plugin:1.4, org.apache.maven.plugins/maven-compiler-plugin:3.1, org.apache.maven.plugins/maven-project-info-reports-plugin:2.7, ",2,0,"-",0.37,0.63,0,315,1,2,2014-04-30,18733447,704,0,0,0,"1",1,0,0,0,1,0,1,0,4,0,0,0,0,0,0,0,0,0,0,0,0,0,0,0,0,0,0,0,0,0,0,0,0,0,0,0,0,0,0,0,1766,3.18742921857305,"1",0
"102",60749624,"gson","BK-Choi/gson","BK-Choi","2016-11-25T15:24:30Z/5639/4",1,5639,4,"junit/junit:4.12, org.apache.maven.scm/maven-scm-provider-gitexe:1.9, org.apache.maven.plugins/maven-compiler-plugin:3.0, org.apache.maven.plugins/maven-release-plugin:2.4.2, ",1,0,"-",0.09,0.91,0,243,1,1,2016-11-25,18733447,704,0,0,0,"1",1,1,0,0,48,0,1,0,1,0,0,0,0,0,0,0,0,0,0,0,0,0,0,0,0,0,0,0,0,0,0,0,0,0,0,0,0,0,0,0,826,6.82687651331719,"1",0
"104",65971306,"gson","dhjmjava/gson","dhjmjava","2017-01-26T01:45:16Z/5644/1",1,5644,4,"junit/junit:4.12, org.apache.maven.scm/maven-scm-provider-gitexe:1.9, org.apache.maven.plugins/maven-compiler-plugin:3.0, org.apache.maven.plugins/maven-release-plugin:2.4.2, ",2,0,"-",0.09,0.91,0,109,1,1,2017-01-26,18733447,640,0,1,0,"1",1,0,0,0,0,0,1,0,3,0,0,0,0,0,0,0,0,0,0,0,0,0,0,0,0,0,0,0,0,0,0,0,0,0,0,0,0,0,0,0,764,7.38743455497382,"1",0
"105",62971531,"gson","inferno1988/gson","inferno1988","2016-12-23T09:41:02Z/5645/3",1,5645,4,"junit/junit:4.12, org.apache.maven.scm/maven-scm-provider-gitexe:1.9, org.apache.maven.plugins/maven-compiler-plugin:3.0, org.apache.maven.plugins/maven-release-plugin:2.4.2, ",2,0,"-",0.09,0.91,0,1296,1,1,2016-12-23,18733447,679,0,0,0,"1",1,0,0,0,20,0,1,0,2,0,0,0,0,0,0,0,0,0,0,0,0,0,0,0,0,0,0,0,0,0,0,0,0,0,0,0,0,0,0,0,798,7.07393483709273,"1",0
"106",70122392,"gson","spegelref/gson","spegelref","2017-01-11T16:28:18Z/5646/2",1,5646,4,"junit/junit:4.12, org.apache.maven.scm/maven-scm-provider-gitexe:1.9, org.apache.maven.plugins/maven-compiler-plugin:3.0, org.apache.maven.plugins/maven-release-plugin:2.4.2, ",1,1,"org.apache.maven.plugins/maven-javadoc-plugin:3.1.0, ",0.25,0.75,0,1343,1,1,2017-01-11,18733447,589,0,0,0,"1",0,0,0,0,0,0,2,0,4,0,0,0,0,0,0,0,0,0,0,0,0,0,0,0,0,0,0,0,0,0,0,0,0,0,0,0,0,0,0,0,779,7.24775353016688,"1",0
"107",52180980,"gson","ybank/gson","ybank","2016-08-01T03:06:09Z/5647/4",1,5647,4,"junit/junit:4.12, org.apache.maven.scm/maven-scm-provider-gitexe:1.9, org.apache.maven.plugins/maven-compiler-plugin:3.0, org.apache.maven.plugins/maven-release-plugin:2.4.2, ",3,0,"-",0.09,0.91,0,832,1,2,2016-08-01,18733447,817,0,2,0,"1",2,0,0,0,64,0,7,0,22,0,0,0,0,0,0,0,0,0,0,0,0,0,0,0,0,0,0,0,0,0,0,0,0,0,0,0,0,0,0,0,942,5.99469214437367,"1",0
"109",67752723,"java-driver","kishkaru/java-driver","kishkaru","2014-07-22T19:51:25Z/5652/1",1,5652,2,"log4j/log4j:1.2.17, org.apache.maven.plugins/maven-compiler-plugin:3.1, ",131,6,"com.datastax.cassandra/cassandra-driver-core:${project.parent.version}, org.apache.maven.plugins/maven-surefire-plugin:2.16, org.apache.maven.plugins/maven-javadoc-plugin:2.9.1, io.netty/netty:3.9.0.Final, log4j/log4j:1.2.17, org.apache.maven.plugins/maven-compiler-plugin:3.1, ",0.27,0.73,0,367,1,2,2014-07-22,18733447,618,0,2,1,"1",2,1,0,0,205,0,1,0,0,0,0,0,0,0,0,0,0,0,0,0,0,0,0,0,0,0,0,0,0,0,0,0,0,0,0,0,0,0,0,0,1683,3.35828877005348,"1",0
"110",83517107,"gson","testcenter/gson","testcenter","2016-05-10T08:32:37Z/5662/3",1,5662,4,"junit/junit:4.12, org.apache.maven.scm/maven-scm-provider-gitexe:1.9, org.apache.maven.plugins/maven-compiler-plugin:3.0, org.apache.maven.plugins/maven-release-plugin:2.4.2, ",32,5,"org.apache.maven.scm/maven-scm-provider-gitexe:1.9, org.apache.maven.plugins/maven-javadoc-plugin:3.1.0, junit/junit:4.12, org.apache.maven.plugins/maven-release-plugin:2.4.2, org.apache.maven.plugins/maven-compiler-plugin:3.0, ",0.09,0.91,0,107,1,2,2016-05-10,18733447,437,0,0,0,"1",1,0,0,0,1,0,1,0,10,0,5,0,0,0,0,0,0,0,0,0,0,0,0,0,0,0,0,0,0,0,0,0,0,0,0,0,0,0,0,0,1025,5.52390243902439,"1",0
"111",82979839,"gson","jainsahab/gson","jainsahab","2016-05-05T19:16:40Z/5663/3",1,5663,4,"junit/junit:4.12, org.apache.maven.scm/maven-scm-provider-gitexe:1.9, org.apache.maven.plugins/maven-compiler-plugin:3.0, org.apache.maven.plugins/maven-release-plugin:2.4.2, ",68,8,"org.apache.maven.plugins/maven-gpg-plugin:1.5, org.apache.maven.scm/maven-scm-provider-gitexe:1.9, org.apache.maven.plugins/maven-javadoc-plugin:3.1.0, junit/junit:4.12, org.apache.maven.plugins/maven-release-plugin:2.4.2, com.google.code.gson/gson:2.7, org.apache.maven.plugins/maven-compiler-plugin:3.5.1, org.apache.maven.plugins/maven-compiler-plugin:3.0, ",0.09,0.91,0,1090,1,2,2016-04-04,18733447,443,0,0,0,"1",2,1,0,0,277,1,1,0,1,0,1,0,0,0,0,0,0,0,0,0,0,0,0,0,0,0,0,0,0,0,0,0,0,0,0,0,0,0,0,0,1061,5.33741753063148,"1",0
"112",83984450,"gson","greg-pendlebury/gson","greg-pendlebury","2017-03-27T23:37:50Z/5670/4",1,5670,4,"junit/junit:4.12, org.apache.maven.scm/maven-scm-provider-gitexe:1.9, org.apache.maven.plugins/maven-compiler-plugin:3.0, org.apache.maven.plugins/maven-release-plugin:2.4.2, ",1,0,"-",0.09,0.91,0,1016,1,1,2017-03-27,18733447,430,0,0,0,"1",2,1,0,0,205,1,1,0,4,0,0,0,0,0,0,0,0,0,0,0,0,0,0,0,0,0,0,0,0,0,0,0,0,0,0,0,0,0,0,0,704,8.05397727272727,"1",0
"113",87575193,"gson","mgerhardy/gson","mgerhardy","2017-03-27T09:39:09Z/5671/5",1,5671,4,"junit/junit:4.12, org.apache.maven.scm/maven-scm-provider-gitexe:1.9, org.apache.maven.plugins/maven-compiler-plugin:3.0, org.apache.maven.plugins/maven-release-plugin:2.4.2, ",2,0,"-",0.09,0.91,0,613,1,1,2017-03-27,18733447,391,0,0,0,"1",1,0,0,0,138,0,1,0,3,0,0,0,0,0,0,0,0,0,0,0,0,0,0,0,0,0,0,0,0,0,0,0,0,0,0,0,0,0,0,0,704,8.05539772727273,"1",0
"114",51220567,"okhttp","marcioos/okhttp","marcioos","2014-05-12T16:16:01Z/5680/4",1,5680,9,"com.squareup.okio/okio:${okio.version}, org.apache.maven.surefire/surefire-junit47:2.17, org.apache.maven.scm/maven-scm-provider-gitexe:1.9, org.mortbay.jetty.npn/npn-boot:${npn.version}, org.mortbay.jetty.alpn/alpn-boot:${alpn.version}, org.apache.maven.plugins/maven-compiler-plugin:3.0, org.apache.maven.plugins/maven-release-plugin:2.4.2, org.apache.maven.plugins/maven-surefire-plugin:${npn.version}, org.apache.maven.plugins/maven-surefire-plugin:${alpn.version}, ",2,0,"-",0.24,0.76,0,557,1,2,2014-05-12,18733447,830,1,0,0,"1",1,0,0,1,44,0,4,0,11,0,3,0,0,0,0,0,0,0,0,0,0,0,0,0,0,0,0,0,0,0,0,0,0,0,0,0,0,0,0,0,1754,3.23831242873432,"1",0
"115",63587572,"gson","rajsrivastav1919/gson","rajsrivastav1919","2017-05-30T12:45:34Z/5696/1",1,5696,4,"junit/junit:4.12, org.apache.maven.scm/maven-scm-provider-gitexe:1.9, org.apache.maven.plugins/maven-compiler-plugin:3.0, org.apache.maven.plugins/maven-release-plugin:2.4.2, ",5,1,"org.apache.maven.plugins/maven-javadoc-plugin:3.1.0, ",0.25,0.75,0,444,1,1,2017-05-30,18733447,671,0,0,0,"1",2,2,0,0,206,0,8,0,23,0,27,0,0,0,0,0,0,0,0,0,0,0,0,0,0,0,0,0,0,0,0,0,0,0,0,0,0,0,0,0,640,8.9,"1",0
"117",90367990,"gson","imysak/gson","imysak","2017-07-20T22:40:45Z/5703/5",1,5703,4,"junit/junit:4.12, org.apache.maven.scm/maven-scm-provider-gitexe:1.9, org.apache.maven.plugins/maven-compiler-plugin:3.0, org.apache.maven.plugins/maven-release-plugin:2.4.2, ",1,0,"-",0.09,0.91,0,367,1,1,2017-07-20,18733447,363,0,0,0,"1",2,1,0,0,203,0,2,0,12,0,0,0,0,0,0,0,0,0,0,0,0,0,0,0,0,0,0,0,0,0,0,0,0,0,0,0,0,0,0,0,589,9.68251273344652,"1",0
"118",93432950,"gson","lyubomyr-shaydariv/gson","lyubomyr-shaydariv","2018-04-16T01:38:51Z/5709/1",1,5709,4,"junit/junit:4.12, org.apache.maven.scm/maven-scm-provider-gitexe:1.9.5, org.apache.maven.plugins/maven-compiler-plugin:3.8.1, org.apache.maven.plugins/maven-release-plugin:2.5.3, ",88,1,"junit:junit:4.12, ",0.65,0.35,1,289,1,1,2016-12-04,18733447,363,0,0,0,"1",1,0,0,0,4,0,2,0,3,0,2,0,0,0,0,0,0,0,0,0,0,0,0,0,0,0,0,0,0,0,0,0,0,0,0,0,0,0,0,0,817,6.98776009791922,"1",0
"119",78287714,"async-http-client","paytronix/async-http-client","paytronix","2012-12-03T21:49:59Z/5712/3",1,5712,4,"io.netty/netty:3.4.4.Final, org.glassfish.grizzly/grizzly-websockets:2.2.16, org.apache.maven.plugins/maven-compiler-plugin:2.3.2, org.apache.maven.plugins/maven-javadoc-plugin:2.8.1, ",2,4,"org.glassfish.grizzly/grizzly-websockets:2.2.16, org.apache.maven.plugins/maven-javadoc-plugin:2.8.1, io.netty/netty:3.4.4.Final, org.apache.maven.plugins/maven-compiler-plugin:2.3.2, ",0.32,0.68,0,232,1,2,2012-12-03,18733447,493,0,0,0,"1",1,0,0,0,28,0,1,0,6,0,0,0,0,0,0,0,0,0,0,0,0,0,0,0,0,0,0,0,0,0,0,0,0,0,0,0,0,0,0,0,2279,2.50636243966652,"1",0
"120",95172398,"gson","drora/gson","drora","2017-06-21T14:28:02Z/5713/2",1,5713,4,"junit/junit:4.12, org.apache.maven.scm/maven-scm-provider-gitexe:1.9, org.apache.maven.plugins/maven-compiler-plugin:3.0, org.apache.maven.plugins/maven-release-plugin:2.4.2, ",20,4,"org.apache.maven.scm/maven-scm-provider-gitexe:1.9, junit/junit:4.12, org.apache.maven.plugins/maven-release-plugin:2.4.2, org.apache.maven.plugins/maven-compiler-plugin:3.0, ",0.09,0.91,0,161,1,1,2017-06-21,18733447,318,0,0,0,"1",2,1,0,0,204,0,1,0,0,0,0,0,0,0,0,0,0,0,0,0,0,0,0,0,0,0,0,0,0,0,0,0,0,0,0,0,0,0,0,0,618,9.24433656957929,"1",0
"122",88872779,"gson","andreybleme/gson","andreybleme","2017-12-13T01:17:28Z/5750/3",1,5750,4,"junit/junit:4.12, org.apache.maven.scm/maven-scm-provider-gitexe:1.9.5, org.apache.maven.plugins/maven-compiler-plugin:3.7.0, org.apache.maven.plugins/maven-release-plugin:2.5.3, ",3,0,"-",0.09,0.91,0,2588,1,1,2017-12-13,18733447,378,0,0,0,"1",0,0,0,0,0,0,1,0,3,0,0,0,0,0,0,0,0,0,0,0,0,0,0,0,0,0,0,0,0,0,0,0,0,0,0,0,0,0,0,0,443,12.979683972912,"1",0
"125",71853246,"gson","JamesZBL/gson","JamesZBL","2018-02-03T13:59:29Z/5763/3",1,5763,4,"junit/junit:4.12, org.apache.maven.scm/maven-scm-provider-gitexe:1.9.5, org.apache.maven.plugins/maven-compiler-plugin:3.7.0, org.apache.maven.plugins/maven-release-plugin:2.5.3, ",1,0,"-",0.09,0.91,0,703,1,1,2018-02-03,18733447,567,0,0,0,"1",1,1,0,0,81,0,1,0,1,0,0,0,0,0,0,0,0,0,0,0,0,0,0,0,0,0,0,0,0,0,0,0,0,0,0,0,0,0,0,0,391,14.7391304347826,"1",0
"126",93678621,"gson","AnirudhRamanan/gson","AnirudhRamanan","2016-11-21T11:14:44Z/5772/4",1,5772,4,"junit/junit:4.12, org.apache.maven.scm/maven-scm-provider-gitexe:1.9, org.apache.maven.plugins/maven-compiler-plugin:3.0, org.apache.maven.plugins/maven-release-plugin:2.4.2, ",25,1,"org.apache.maven.plugins/maven-javadoc-plugin:3.1.0, ",0.25,0.75,0,658,1,1,2016-11-21,18733447,332,0,0,0,"1",2,1,0,0,204,0,1,0,5,0,0,0,0,0,0,0,0,0,0,0,0,0,0,0,0,0,0,0,0,0,0,0,0,0,0,0,0,0,0,0,830,6.95421686746988,"1",0
"128",102320627,"grpc-java","IamFive/grpc-java","IamFive","2016-02-13T12:30:50Z/5845/4",1,5845,1,"com.google.gradle:osdetector-gradle-plugin:1.4.0, ",2,2,"com.google.protobuf.tools/maven-protoc-plugin:0.4.4, io.grpc/grpc-netty:${grpc.version}, ",0.6,0.4,1,283,1,2,2016-02-13,18733447,247,0,0,0,"1",1,0,0,0,1,0,2,0,4,0,0,0,0,0,0,0,0,0,0,0,0,0,0,0,0,0,0,0,0,0,0,0,0,0,0,0,0,0,0,0,1112,5.25629496402878,"1",0
"129",102252335,"gson","liweys/gson","liweys","2018-03-03T12:48:48Z/5878/4",1,5878,4,"junit/junit:4.12, org.apache.maven.scm/maven-scm-provider-gitexe:1.9.5, org.apache.maven.plugins/maven-compiler-plugin:3.7.0, org.apache.maven.plugins/maven-release-plugin:2.5.3, ",1,0,"-",0.09,0.91,0,158,1,1,2018-03-03,18733447,247,0,0,0,"1",2,1,0,0,202,0,1,0,0,0,0,0,0,0,0,0,0,0,0,0,0,0,0,0,0,0,0,0,0,0,0,0,0,0,0,0,0,0,0,0,363,16.1928374655647,"1",0
"130",99244730,"gson","zenglian/gson","zenglian","2018-03-03T12:48:48Z/5878/3",1,5878,4,"junit/junit:4.12, org.apache.maven.scm/maven-scm-provider-gitexe:1.9.5, org.apache.maven.plugins/maven-compiler-plugin:3.7.0, org.apache.maven.plugins/maven-release-plugin:2.5.3, ",1,0,"-",0.09,0.91,0,92,1,1,2018-03-03,18733447,278,0,0,0,"1",2,1,0,0,202,0,1,0,0,0,0,0,0,0,0,0,0,0,0,0,0,0,0,0,0,0,0,0,0,0,0,0,0,0,0,0,0,0,0,0,363,16.1928374655647,"1",0
"131",119615261,"gson","mvysny/gson","mvysny","2017-10-24T09:05:44Z/5883/3",1,5883,4,"junit/junit:4.12, org.apache.maven.scm/maven-scm-provider-gitexe:1.9.5, org.apache.maven.plugins/maven-compiler-plugin:3.7.0, org.apache.maven.plugins/maven-release-plugin:2.5.3, ",2,0,"-",0.09,0.91,0,2580,1,1,2017-10-24,18733447,80,0,0,0,"1",0,0,0,0,0,0,1,0,4,0,0,0,0,0,0,0,0,0,0,0,0,0,0,0,0,0,0,0,0,0,0,0,0,0,0,0,0,0,0,0,493,11.9330628803245,"1",0
"132",122777212,"gson","jmgc/gson","jmgc","2018-04-17T08:32:03Z/5884/4",1,5884,4,"junit/junit:4.12, org.apache.maven.scm/maven-scm-provider-gitexe:1.9.5, org.apache.maven.plugins/maven-compiler-plugin:3.7.0, org.apache.maven.plugins/maven-release-plugin:2.5.3, ",12,5,"org.apache.maven.plugins/maven-javadoc-plugin:3.1.0, org.apache.maven.scm/maven-scm-provider-gitexe:1.9.5, org.apache.maven.plugins/maven-release-plugin:2.5.3, junit/junit:4.12, org.apache.maven.plugins/maven-compiler-plugin:3.7.0, ",0.09,0.91,0,1791,1,1,2018-04-17,18733447,48,0,0,0,"1",1,1,0,0,31,0,1,0,3,0,0,0,0,0,0,0,0,0,0,0,0,0,0,0,0,0,0,0,0,0,0,0,0,0,0,0,0,0,0,0,318,18.5031446540881,"1",0
"133",101381923,"java-driver","darren-spehr/java-driver","darren-spehr","2014-11-04T21:03:31Z/5884/1",1,5884,2,"log4j/log4j:1.2.17, org.apache.maven.plugins/maven-compiler-plugin:3.1, ",1,0,"-",0.48,0.52,0,1597,1,2,2014-11-04,18733447,256,0,0,0,"1",1,0,0,0,1,0,1,0,2,0,0,0,0,0,0,0,0,0,0,0,0,0,0,0,0,0,0,0,0,0,0,0,0,0,0,0,0,0,0,0,1578,3.72877059569075,"1",0
"134",114185782,"gson","serveravt/gson","serveravt","2018-02-16T09:19:29Z/5903/3",1,5903,4,"junit/junit:4.12, org.apache.maven.scm/maven-scm-provider-gitexe:1.9.5, org.apache.maven.plugins/maven-compiler-plugin:3.7.0, org.apache.maven.plugins/maven-release-plugin:2.5.3, ",3,0,"-",0.09,0.91,0,1389,1,1,2018-02-16,18733447,129,0,0,0,"1",2,1,0,0,202,1,1,0,2,0,0,0,0,0,0,0,0,0,0,0,0,0,0,0,0,0,0,0,0,0,0,0,0,0,0,0,0,0,0,0,378,15.6164021164021,"1",0
"135",115899200,"gson","serveravt/gson","serveravt","2018-02-16T09:19:29Z/5903/1",1,5903,4,"junit/junit:4.12, org.apache.maven.scm/maven-scm-provider-gitexe:1.9.5, org.apache.maven.plugins/maven-compiler-plugin:3.7.0, org.apache.maven.plugins/maven-release-plugin:2.5.3, ",3,0,"-",0.09,0.91,0,1250,1,1,2018-02-16,18733447,115,0,0,0,"1",1,0,0,0,5,0,1,0,0,0,0,0,0,0,0,0,0,0,0,0,0,0,0,0,0,0,0,0,0,0,0,0,0,0,0,0,0,0,0,0,378,15.6164021164021,"1",0
"136",89090297,"java-driver","doanduyhai/java-driver","doanduyhai","2014-04-02T09:49:24Z/5913/5",1,5913,2,"log4j/log4j:1.2.17, org.apache.maven.plugins/maven-compiler-plugin:3.1, ",232,7,"com.datastax.cassandra/cassandra-driver-core:${project.parent.version}, org.apache.maven.plugins/maven-surefire-plugin:2.16, org.apache.maven.plugins/maven-javadoc-plugin:2.9.1, io.netty/netty:3.9.0.Final, org.apache.maven.plugins/maven-surefire-plugin:2.14, log4j/log4j:1.2.17, org.apache.maven.plugins/maven-compiler-plugin:3.1, ",0.27,0.73,0,967,1,2,2014-04-02,18733447,375,0,0,0,"1",1,0,0,0,1,0,1,0,7,0,5,0,0,0,0,0,0,0,0,0,0,0,0,0,0,0,0,0,0,0,0,0,0,0,0,0,0,0,0,0,1794,3.29598662207358,"1",0
"138",122612769,"gson","KyoriPowered/gson","KyoriPowered","2017-08-11T04:52:40Z/5954/5",1,5954,4,"junit/junit:4.12, org.apache.maven.scm/maven-scm-provider-gitexe:1.9.5, org.apache.maven.plugins/maven-compiler-plugin:3.7.0, org.apache.maven.plugins/maven-release-plugin:2.5.3, ",52,5,"org.apache.maven.plugins/maven-javadoc-plugin:3.1.0, org.apache.maven.scm/maven-scm-provider-gitexe:1.9.5, org.apache.maven.plugins/maven-release-plugin:2.5.3, junit/junit:4.12, org.apache.maven.plugins/maven-compiler-plugin:3.7.0, ",0.09,0.91,0,698,1,1,2017-08-11,18733447,50,0,0,0,"1",1,1,0,0,5,0,3,0,4,0,0,0,0,0,0,0,0,0,0,0,0,0,0,0,0,0,0,0,0,0,0,0,0,0,0,0,0,0,0,0,567,10.5008818342152,"1",0
"140",60596817,"gson","greatjack1/gson","greatjack1","2018-04-03T19:17:10Z/5973/5",1,5973,4,"junit/junit:4.12, org.apache.maven.scm/maven-scm-provider-gitexe:1.9.5, org.apache.maven.plugins/maven-compiler-plugin:3.7.0, org.apache.maven.plugins/maven-release-plugin:2.5.3, ",22,5,"org.apache.maven.plugins/maven-javadoc-plugin:3.1.0, org.apache.maven.scm/maven-scm-provider-gitexe:1.9.5, org.apache.maven.plugins/maven-release-plugin:2.5.3, junit/junit:4.12, org.apache.maven.plugins/maven-compiler-plugin:3.7.0, ",0.09,0.91,0,213,1,1,2018-04-03,18733447,705,0,0,0,"1",2,1,0,0,426,0,42,0,0,0,0,0,0,0,0,0,0,0,0,0,0,0,0,0,0,0,0,0,0,0,0,0,0,0,0,0,0,0,0,0,332,17.9909638554217,"1",0
"203",40416276,"spring-boot-admin","steve-oakey/spring-boot-admin","steve-oakey","2015-03-31T03:19:59Z/7210/1",1,7210,3,"de.codecentric/spring-boot-admin-server:${project.version}, org.apache.maven.plugins/maven-gpg-plugin:${build-plugin.gpg.version}, org.jacoco/jacoco-maven-plugin:${build-plugin.jacoco.version}, ",53,4,"de.codecentric/spring-boot-admin-server:${project.version}, de.codecentric/spring-boot-admin-starter-client:4.3.6, org.apache.maven.plugins/maven-gpg-plugin:${build-plugin.gpg.version}, org.jacoco/jacoco-maven-plugin:${build-plugin.jacoco.version}, ",0.43,0.57,0,140,1,2,2015-03-31,18733447,972,1,1,0,"1",2,2,0,0,272,0,0,0,0,0,0,1,0,0,0,0,0,0,0,0,0,0,0,0,0,0,0,0,0,0,0,0,0,0,0,0,0,0,0,0,1431,5.03843466107617,"1",0
"204",92998239,"redisson","xavierfacq/redisson","xavierfacq","2017-09-28T07:17:48Z/7212/2",1,7212,3,"org.apache.maven.scm/maven-scm-provider-gitexe:1.9.5, org.apache.maven.plugins/maven-source-plugin:3.0.1, org.apache.maven.plugins/maven-release-plugin:2.5.3, ",19,7,"org.apache.maven.plugins/maven-gpg-plugin:1.6, org.redisson/redisson:${project.version}, org.apache.maven.scm/maven-scm-provider-gitexe:1.9.5, org.apache.maven.plugins/maven-source-plugin:3.0.1, org.apache.maven.plugins/maven-release-plugin:2.5.3, org.apache.maven.plugins/maven-jar-plugin:3.0.2, io.netty/netty-transport-native-epoll:4.1.15.Final, ",0.29,0.71,0,2300,1,1,2017-09-28,18733447,648,0,1,0,"1",1,1,0,0,70,0,0,0,0,0,0,0,0,1,0,0,1,0,0,0,0,0,0,0,0,0,0,0,0,0,0,0,0,0,0,0,0,0,0,0,519,13.8959537572254,"1",0
"380",18733447,"spring-data-mongodb","alex-on-java/spring-data-mongodb","alex-on-java","2014-12-17T14:47:04Z/10130/5",1,10130,1,"org.mongodb/mongo-java-driver:${mongo}, ",1,0,"-",0.64,0.36,1,183,1,2,2014-12-17,18733447,1443,15762,2898,113,"0",28,14,5,23,62614,64,205,154,488,110,119,9,76,536,87,70,553,65,14,31,0,0,0,233,28,207,2,0,2,8,5,5,10,1,8,65,14,31,0,0,1535,6.59934853420195,"1",0
